defined_class	defined_class_label	anatomical_entity	anatomical_entity_label	location	location_label	shape	shape_label
http://purl.obolibrary.org/obo/ZP_0142075	GABAergic neuron optic tectum decreased branchiness, abnormal	http://purl.obolibrary.org/obo/ZFA_0009276	GABAergic neuron	http://purl.obolibrary.org/obo/ZFA_0000445	optic tectum	http://purl.obolibrary.org/obo/PATO_0002286	decreased branchiness
http://purl.obolibrary.org/obo/ZP_0104650	afferent neuron posterior lateral line neuromast branchiness, abnormal	http://purl.obolibrary.org/obo/ZFA_0009238	afferent neuron	http://purl.obolibrary.org/obo/ZFA_0000940	posterior lateral line neuromast	http://purl.obolibrary.org/obo/PATO_0002009	branchiness
http://purl.obolibrary.org/obo/ZP_0103453	angiogenic sprout central artery decreased branchiness, abnormal	http://purl.obolibrary.org/obo/ZFA_0005604	angiogenic sprout	http://purl.obolibrary.org/obo/ZFA_0005020	central artery	http://purl.obolibrary.org/obo/PATO_0002286	decreased branchiness
http://purl.obolibrary.org/obo/ZP_0141052	artery liver elongated, abnormal	http://purl.obolibrary.org/obo/ZFA_0000005	artery	http://purl.obolibrary.org/obo/ZFA_0000123	liver	http://purl.obolibrary.org/obo/PATO_0001154	elongated
http://purl.obolibrary.org/obo/ZP_0016439	artery retina sinuous, abnormal	http://purl.obolibrary.org/obo/ZFA_0000005	artery	http://purl.obolibrary.org/obo/ZFA_0000152	retina	http://purl.obolibrary.org/obo/PATO_0001989	sinuous
http://purl.obolibrary.org/obo/ZP_0143746	axis whole organism curvature, abnormal	http://purl.obolibrary.org/obo/ZFA_0000092	axis	http://purl.obolibrary.org/obo/ZFA_0001094	whole organism	http://purl.obolibrary.org/obo/PATO_0001591	curvature
http://purl.obolibrary.org/obo/ZP_0143747	axis whole organism curved dorsal, abnormal	http://purl.obolibrary.org/obo/ZFA_0000092	axis	http://purl.obolibrary.org/obo/ZFA_0001094	whole organism	http://purl.obolibrary.org/obo/PATO_0001468	curved dorsal
http://purl.obolibrary.org/obo/ZP_0143745	axis whole organism curved ventral, abnormal	http://purl.obolibrary.org/obo/ZFA_0000092	axis	http://purl.obolibrary.org/obo/ZFA_0001094	whole organism	http://purl.obolibrary.org/obo/PATO_0001469	curved ventral
http://purl.obolibrary.org/obo/ZP_0010632	axis whole organism curved, abnormal	http://purl.obolibrary.org/obo/ZFA_0000092	axis	http://purl.obolibrary.org/obo/ZFA_0001094	whole organism	http://purl.obolibrary.org/obo/PATO_0000406	curved
http://purl.obolibrary.org/obo/ZP_0006796	axis whole organism shortened, abnormal	http://purl.obolibrary.org/obo/ZFA_0000092	axis	http://purl.obolibrary.org/obo/ZFA_0001094	whole organism	http://purl.obolibrary.org/obo/PATO_0002364	shortened
http://purl.obolibrary.org/obo/ZP_0010840	axis whole organism truncated, abnormal	http://purl.obolibrary.org/obo/ZFA_0000092	axis	http://purl.obolibrary.org/obo/ZFA_0001094	whole organism	http://purl.obolibrary.org/obo/PATO_0000936	truncated
http://purl.obolibrary.org/obo/ZP_0015487	blastoderm cell DEL shape, abnormal	http://purl.obolibrary.org/obo/ZFA_0009177	blastoderm cell	http://purl.obolibrary.org/obo/ZFA_0000711	DEL	http://purl.obolibrary.org/obo/PATO_0000052	shape
http://purl.obolibrary.org/obo/ZP_0015493	blastoderm cell EVL circular, abnormal	http://purl.obolibrary.org/obo/ZFA_0009177	blastoderm cell	http://purl.obolibrary.org/obo/ZFA_0000086	EVL	http://purl.obolibrary.org/obo/PATO_0000411	circular
http://purl.obolibrary.org/obo/ZP_0001217	blastoderm cell blastoderm circular, abnormal	http://purl.obolibrary.org/obo/ZFA_0009177	blastoderm cell	http://purl.obolibrary.org/obo/ZFA_0001176	blastoderm	http://purl.obolibrary.org/obo/PATO_0000411	circular
http://purl.obolibrary.org/obo/ZP_0021987	blood vasculature gut decreased branchiness, abnormal	http://purl.obolibrary.org/obo/ZFA_0001079	blood vasculature	http://purl.obolibrary.org/obo/ZFA_0000112	gut	http://purl.obolibrary.org/obo/PATO_0002286	decreased branchiness
http://purl.obolibrary.org/obo/ZP_0006927	blood vasculature hindbrain branched, abnormal	http://purl.obolibrary.org/obo/ZFA_0001079	blood vasculature	http://purl.obolibrary.org/obo/ZFA_0000029	hindbrain	http://purl.obolibrary.org/obo/PATO_0000402	branched
http://purl.obolibrary.org/obo/ZP_0104263	blood vessel brain kinked, abnormal	http://purl.obolibrary.org/obo/ZFA_0005314	blood vessel	http://purl.obolibrary.org/obo/ZFA_0000008	brain	http://purl.obolibrary.org/obo/PATO_0001798	kinked
http://purl.obolibrary.org/obo/ZP_0020676	blood vessel endothelial cell common cardinal vein shape, abnormal	http://purl.obolibrary.org/obo/ZFA_0009036	blood vessel endothelial cell	http://purl.obolibrary.org/obo/ZFA_0000186	common cardinal vein	http://purl.obolibrary.org/obo/PATO_0000052	shape
http://purl.obolibrary.org/obo/ZP_0149154	blood vessel endothelial cell dorsal aorta shortened, abnormal	http://purl.obolibrary.org/obo/ZFA_0009036	blood vessel endothelial cell	http://purl.obolibrary.org/obo/ZFA_0000014	dorsal aorta	http://purl.obolibrary.org/obo/PATO_0002364	shortened
http://purl.obolibrary.org/obo/ZP_0149488	blood vessel endothelial cell intersegmental vessel shortened, abnormal	http://purl.obolibrary.org/obo/ZFA_0009036	blood vessel endothelial cell	http://purl.obolibrary.org/obo/ZFA_0001285	intersegmental vessel	http://purl.obolibrary.org/obo/PATO_0002364	shortened
http://purl.obolibrary.org/obo/ZP_0006862	blood vessel endothelial cell intersegmental vessel slender, abnormal	http://purl.obolibrary.org/obo/ZFA_0009036	blood vessel endothelial cell	http://purl.obolibrary.org/obo/ZFA_0001285	intersegmental vessel	http://purl.obolibrary.org/obo/PATO_0002212	slender
http://purl.obolibrary.org/obo/ZP_0107129	blood vessel endothelial cell intersegmental vessel spade-shaped, abnormal	http://purl.obolibrary.org/obo/ZFA_0009036	blood vessel endothelial cell	http://purl.obolibrary.org/obo/ZFA_0001285	intersegmental vessel	http://purl.obolibrary.org/obo/PATO_0002432	spade-shaped
http://purl.obolibrary.org/obo/ZP_0008717	blood vessel inner optic circle elliptic, abnormal	http://purl.obolibrary.org/obo/ZFA_0005314	blood vessel	http://purl.obolibrary.org/obo/ZFA_0005054	inner optic circle	http://purl.obolibrary.org/obo/PATO_0000947	elliptic
http://purl.obolibrary.org/obo/ZP_0007510	blood vessel inner optic circle increased branchiness, abnormal	http://purl.obolibrary.org/obo/ZFA_0005314	blood vessel	http://purl.obolibrary.org/obo/ZFA_0005054	inner optic circle	http://purl.obolibrary.org/obo/PATO_0002285	increased branchiness
http://purl.obolibrary.org/obo/ZP_0014010	blood vessel intestine decreased branchiness, abnormal	http://purl.obolibrary.org/obo/ZFA_0005314	blood vessel	http://purl.obolibrary.org/obo/ZFA_0001338	intestine	http://purl.obolibrary.org/obo/PATO_0002286	decreased branchiness
http://purl.obolibrary.org/obo/ZP_0137978	blood vessel retina increased branchiness, abnormal	http://purl.obolibrary.org/obo/ZFA_0005314	blood vessel	http://purl.obolibrary.org/obo/ZFA_0000152	retina	http://purl.obolibrary.org/obo/PATO_0002285	increased branchiness
http://purl.obolibrary.org/obo/ZP_0141759	blood vessel retina kinked, abnormal	http://purl.obolibrary.org/obo/ZFA_0005314	blood vessel	http://purl.obolibrary.org/obo/ZFA_0000152	retina	http://purl.obolibrary.org/obo/PATO_0001798	kinked
http://purl.obolibrary.org/obo/ZP_0021308	blood vessel retina shape, abnormal	http://purl.obolibrary.org/obo/ZFA_0005314	blood vessel	http://purl.obolibrary.org/obo/ZFA_0000152	retina	http://purl.obolibrary.org/obo/PATO_0000052	shape
http://purl.obolibrary.org/obo/ZP_0104231	blood vessel superior ocular sulcus decreased branchiness, abnormal	http://purl.obolibrary.org/obo/ZFA_0005314	blood vessel	http://purl.obolibrary.org/obo/ZFA_0005901	superior ocular sulcus	http://purl.obolibrary.org/obo/PATO_0002286	decreased branchiness
http://purl.obolibrary.org/obo/ZP_0101651	bone element cranial vault irregularly shaped, abnormal	http://purl.obolibrary.org/obo/ZFA_0001514	bone element	http://purl.obolibrary.org/obo/ZFA_0005606	cranial vault	http://purl.obolibrary.org/obo/PATO_0005020	irregularly shaped
http://purl.obolibrary.org/obo/ZP_0100966	brush border epithelial cell pronephric proximal convoluted tubule flattened, abnormal	http://purl.obolibrary.org/obo/ZFA_0009143	brush border epithelial cell	http://purl.obolibrary.org/obo/ZFA_0001620	pronephric proximal convoluted tubule	http://purl.obolibrary.org/obo/PATO_0002254	flattened
http://purl.obolibrary.org/obo/ZP_0141756	capillary retina increased branchiness, abnormal	http://purl.obolibrary.org/obo/ZFA_0005250	capillary	http://purl.obolibrary.org/obo/ZFA_0000152	retina	http://purl.obolibrary.org/obo/PATO_0002285	increased branchiness
http://purl.obolibrary.org/obo/ZP_0003264	cardiac muscle cell atrial myocardium shape, abnormal	http://purl.obolibrary.org/obo/ZFA_0009316	cardiac muscle cell	http://purl.obolibrary.org/obo/ZFA_0001374	atrial myocardium	http://purl.obolibrary.org/obo/PATO_0000052	shape
http://purl.obolibrary.org/obo/ZP_0003471	cardiac muscle cell cardiac ventricle circular, abnormal	http://purl.obolibrary.org/obo/ZFA_0009316	cardiac muscle cell	http://purl.obolibrary.org/obo/ZFA_0000009	cardiac ventricle	http://purl.obolibrary.org/obo/PATO_0000411	circular
http://purl.obolibrary.org/obo/ZP_0010667	cardiac muscle cell cardiac ventricle elongated, abnormal	http://purl.obolibrary.org/obo/ZFA_0009316	cardiac muscle cell	http://purl.obolibrary.org/obo/ZFA_0000009	cardiac ventricle	http://purl.obolibrary.org/obo/PATO_0001154	elongated
http://purl.obolibrary.org/obo/ZP_0005492	cardiac muscle cell cardiac ventricle shape, abnormal	http://purl.obolibrary.org/obo/ZFA_0009316	cardiac muscle cell	http://purl.obolibrary.org/obo/ZFA_0000009	cardiac ventricle	http://purl.obolibrary.org/obo/PATO_0000052	shape
http://purl.obolibrary.org/obo/ZP_0010959	cartilage element cranium shortened, abnormal	http://purl.obolibrary.org/obo/ZFA_0001501	cartilage element	http://purl.obolibrary.org/obo/ZFA_0000737	cranium	http://purl.obolibrary.org/obo/PATO_0002364	shortened
http://purl.obolibrary.org/obo/ZP_0017809	cartilage element gill filament shape, abnormal	http://purl.obolibrary.org/obo/ZFA_0001501	cartilage element	http://purl.obolibrary.org/obo/ZFA_0000667	gill filament	http://purl.obolibrary.org/obo/PATO_0000052	shape
http://purl.obolibrary.org/obo/ZP_0009960	cartilage element pharyngeal arch 3 truncated, abnormal	http://purl.obolibrary.org/obo/ZFA_0001501	cartilage element	http://purl.obolibrary.org/obo/ZFA_0001606	pharyngeal arch 3	http://purl.obolibrary.org/obo/PATO_0000936	truncated
http://purl.obolibrary.org/obo/ZP_0104188	cartilage tissue palate shortened, abnormal	http://purl.obolibrary.org/obo/ZFA_0005622	cartilage tissue	http://purl.obolibrary.org/obo/ZFA_0005509	palate	http://purl.obolibrary.org/obo/PATO_0002364	shortened
http://purl.obolibrary.org/obo/ZP_0014224	cell DEL circular, abnormal	http://purl.obolibrary.org/obo/ZFA_0009000	cell	http://purl.obolibrary.org/obo/ZFA_0000711	DEL	http://purl.obolibrary.org/obo/PATO_0000411	circular
http://purl.obolibrary.org/obo/ZP_0018961	cell EVL elongated, abnormal	http://purl.obolibrary.org/obo/ZFA_0009000	cell	http://purl.obolibrary.org/obo/ZFA_0000086	EVL	http://purl.obolibrary.org/obo/PATO_0001154	elongated
http://purl.obolibrary.org/obo/ZP_0003722	cell EVL shape, abnormal	http://purl.obolibrary.org/obo/ZFA_0009000	cell	http://purl.obolibrary.org/obo/ZFA_0000086	EVL	http://purl.obolibrary.org/obo/PATO_0000052	shape
http://purl.obolibrary.org/obo/ZP_0008095	cell Kupffer's vesicle shape, abnormal	http://purl.obolibrary.org/obo/ZFA_0009000	cell	http://purl.obolibrary.org/obo/ZFA_0000001	Kupffer's vesicle	http://purl.obolibrary.org/obo/PATO_0000052	shape
http://purl.obolibrary.org/obo/ZP_0143707	cell atrioventricular canal endocardium irregularly shaped, abnormal	http://purl.obolibrary.org/obo/ZFA_0009000	cell	http://purl.obolibrary.org/obo/ZFA_0001616	atrioventricular canal endocardium	http://purl.obolibrary.org/obo/PATO_0005020	irregularly shaped
http://purl.obolibrary.org/obo/ZP_0138319	cell axis obtuse, abnormal	http://purl.obolibrary.org/obo/ZFA_0009000	cell	http://purl.obolibrary.org/obo/ZFA_0000092	axis	http://purl.obolibrary.org/obo/PATO_0001935	obtuse
http://purl.obolibrary.org/obo/ZP_0144807	cell blastoderm shape, abnormal	http://purl.obolibrary.org/obo/ZFA_0009000	cell	http://purl.obolibrary.org/obo/ZFA_0001176	blastoderm	http://purl.obolibrary.org/obo/PATO_0000052	shape
http://purl.obolibrary.org/obo/ZP_0004840	cell brain circular, abnormal	http://purl.obolibrary.org/obo/ZFA_0009000	cell	http://purl.obolibrary.org/obo/ZFA_0000008	brain	http://purl.obolibrary.org/obo/PATO_0000411	circular
http://purl.obolibrary.org/obo/ZP_0017330	cell brain spherical, abnormal	http://purl.obolibrary.org/obo/ZFA_0009000	cell	http://purl.obolibrary.org/obo/ZFA_0000008	brain	http://purl.obolibrary.org/obo/PATO_0001499	spherical
http://purl.obolibrary.org/obo/ZP_0011488	cell ectoderm shape, abnormal	http://purl.obolibrary.org/obo/ZFA_0009000	cell	http://purl.obolibrary.org/obo/ZFA_0000016	ectoderm	http://purl.obolibrary.org/obo/PATO_0000052	shape
http://purl.obolibrary.org/obo/ZP_0106520	cell endocardium 3-D shape, abnormal	http://purl.obolibrary.org/obo/ZFA_0009000	cell	http://purl.obolibrary.org/obo/ZFA_0001320	endocardium	http://purl.obolibrary.org/obo/PATO_0002266	3-D shape
http://purl.obolibrary.org/obo/ZP_0104069	cell epidermis circular, abnormal	http://purl.obolibrary.org/obo/ZFA_0009000	cell	http://purl.obolibrary.org/obo/ZFA_0000105	epidermis	http://purl.obolibrary.org/obo/PATO_0000411	circular
http://purl.obolibrary.org/obo/ZP_0017334	cell fin circular, abnormal	http://purl.obolibrary.org/obo/ZFA_0009000	cell	http://purl.obolibrary.org/obo/ZFA_0000108	fin	http://purl.obolibrary.org/obo/PATO_0000411	circular
http://purl.obolibrary.org/obo/ZP_0009856	cell floor plate elongated, abnormal	http://purl.obolibrary.org/obo/ZFA_0009000	cell	http://purl.obolibrary.org/obo/ZFA_0000022	floor plate	http://purl.obolibrary.org/obo/PATO_0001154	elongated
http://purl.obolibrary.org/obo/ZP_0010004	cell hypoblast circular, abnormal	http://purl.obolibrary.org/obo/ZFA_0009000	cell	http://purl.obolibrary.org/obo/ZFA_0000117	hypoblast	http://purl.obolibrary.org/obo/PATO_0000411	circular
http://purl.obolibrary.org/obo/ZP_0004720	cell integument circular, abnormal	http://purl.obolibrary.org/obo/ZFA_0009000	cell	http://purl.obolibrary.org/obo/ZFA_0000368	integument	http://purl.obolibrary.org/obo/PATO_0000411	circular
http://purl.obolibrary.org/obo/ZP_0145362	cell lens epithelium shape, abnormal	http://purl.obolibrary.org/obo/ZFA_0009000	cell	http://purl.obolibrary.org/obo/ZFA_0001326	lens epithelium	http://purl.obolibrary.org/obo/PATO_0000052	shape
http://purl.obolibrary.org/obo/ZP_0008510	cell lens shape, abnormal	http://purl.obolibrary.org/obo/ZFA_0009000	cell	http://purl.obolibrary.org/obo/ZFA_0000035	lens	http://purl.obolibrary.org/obo/PATO_0000052	shape
http://purl.obolibrary.org/obo/ZP_0007590	cell median fin fold circular, abnormal	http://purl.obolibrary.org/obo/ZFA_0009000	cell	http://purl.obolibrary.org/obo/ZFA_0000040	median fin fold	http://purl.obolibrary.org/obo/PATO_0000411	circular
http://purl.obolibrary.org/obo/ZP_0003361	cell notochord circular, abnormal	http://purl.obolibrary.org/obo/ZFA_0009000	cell	http://purl.obolibrary.org/obo/ZFA_0000135	notochord	http://purl.obolibrary.org/obo/PATO_0000411	circular
http://purl.obolibrary.org/obo/ZP_0130836	cell notochord cuboid, abnormal	http://purl.obolibrary.org/obo/ZFA_0009000	cell	http://purl.obolibrary.org/obo/ZFA_0000135	notochord	http://purl.obolibrary.org/obo/PATO_0001872	cuboid
http://purl.obolibrary.org/obo/ZP_0011491	cell notochord shape, abnormal	http://purl.obolibrary.org/obo/ZFA_0009000	cell	http://purl.obolibrary.org/obo/ZFA_0000135	notochord	http://purl.obolibrary.org/obo/PATO_0000052	shape
http://purl.obolibrary.org/obo/ZP_0004858	cell notochord spherical, abnormal	http://purl.obolibrary.org/obo/ZFA_0009000	cell	http://purl.obolibrary.org/obo/ZFA_0000135	notochord	http://purl.obolibrary.org/obo/PATO_0001499	spherical
http://purl.obolibrary.org/obo/ZP_0139759	cell optic cup shape, abnormal	http://purl.obolibrary.org/obo/ZFA_0009000	cell	http://purl.obolibrary.org/obo/ZFA_0001202	optic cup	http://purl.obolibrary.org/obo/PATO_0000052	shape
http://purl.obolibrary.org/obo/ZP_0007199	cell pectoral fin circular, abnormal	http://purl.obolibrary.org/obo/ZFA_0009000	cell	http://purl.obolibrary.org/obo/ZFA_0001161	pectoral fin	http://purl.obolibrary.org/obo/PATO_0000411	circular
http://purl.obolibrary.org/obo/ZP_0143884	cell periderm shape, abnormal	http://purl.obolibrary.org/obo/ZFA_0009000	cell	http://purl.obolibrary.org/obo/ZFA_0001185	periderm	http://purl.obolibrary.org/obo/PATO_0000052	shape
http://purl.obolibrary.org/obo/ZP_0011545	cell posterior lateral mesoderm shape, abnormal	http://purl.obolibrary.org/obo/ZFA_0009000	cell	http://purl.obolibrary.org/obo/ZFA_0005040	posterior lateral mesoderm	http://purl.obolibrary.org/obo/PATO_0000052	shape
http://purl.obolibrary.org/obo/ZP_0106523	cell presumptive atrioventricular canal 3-D shape, abnormal	http://purl.obolibrary.org/obo/ZFA_0009000	cell	http://purl.obolibrary.org/obo/ZFA_0001723	presumptive atrioventricular canal	http://purl.obolibrary.org/obo/PATO_0002266	3-D shape
http://purl.obolibrary.org/obo/ZP_0144318	cell presumptive retinal pigmented epithelium cuboid, abnormal	http://purl.obolibrary.org/obo/ZFA_0009000	cell	http://purl.obolibrary.org/obo/ZFA_0000064	presumptive retinal pigmented epithelium	http://purl.obolibrary.org/obo/PATO_0001872	cuboid
http://purl.obolibrary.org/obo/ZP_0017284	cell pronephric glomerulus flattened, abnormal	http://purl.obolibrary.org/obo/ZFA_0009000	cell	http://purl.obolibrary.org/obo/ZFA_0001557	pronephric glomerulus	http://purl.obolibrary.org/obo/PATO_0002254	flattened
http://purl.obolibrary.org/obo/ZP_0100083	cell pronephric proximal convoluted tubule botryoidal, abnormal	http://purl.obolibrary.org/obo/ZFA_0009000	cell	http://purl.obolibrary.org/obo/ZFA_0001620	pronephric proximal convoluted tubule	http://purl.obolibrary.org/obo/PATO_0001907	botryoidal
http://purl.obolibrary.org/obo/ZP_0100084	cell pronephric proximal straight tubule botryoidal, abnormal	http://purl.obolibrary.org/obo/ZFA_0009000	cell	http://purl.obolibrary.org/obo/ZFA_0001621	pronephric proximal straight tubule	http://purl.obolibrary.org/obo/PATO_0001907	botryoidal
http://purl.obolibrary.org/obo/ZP_0017480	cell retina circular, abnormal	http://purl.obolibrary.org/obo/ZFA_0009000	cell	http://purl.obolibrary.org/obo/ZFA_0000152	retina	http://purl.obolibrary.org/obo/PATO_0000411	circular
http://purl.obolibrary.org/obo/ZP_0144892	cell retinal pigmented epithelium shape, abnormal	http://purl.obolibrary.org/obo/ZFA_0009000	cell	http://purl.obolibrary.org/obo/ZFA_0000144	retinal pigmented epithelium	http://purl.obolibrary.org/obo/PATO_0000052	shape
http://purl.obolibrary.org/obo/ZP_0103172	cell somite spherical, abnormal	http://purl.obolibrary.org/obo/ZFA_0009000	cell	http://purl.obolibrary.org/obo/ZFA_0000155	somite	http://purl.obolibrary.org/obo/PATO_0001499	spherical
http://purl.obolibrary.org/obo/ZP_0017331	cell spinal cord spherical, abnormal	http://purl.obolibrary.org/obo/ZFA_0009000	cell	http://purl.obolibrary.org/obo/ZFA_0000075	spinal cord	http://purl.obolibrary.org/obo/PATO_0001499	spherical
http://purl.obolibrary.org/obo/ZP_0007374	cell ventral fin fold circular, abnormal	http://purl.obolibrary.org/obo/ZFA_0009000	cell	http://purl.obolibrary.org/obo/ZFA_0001069	ventral fin fold	http://purl.obolibrary.org/obo/PATO_0000411	circular
http://purl.obolibrary.org/obo/ZP_0017236	cell whole organism spherical, abnormal	http://purl.obolibrary.org/obo/ZFA_0009000	cell	http://purl.obolibrary.org/obo/ZFA_0001094	whole organism	http://purl.obolibrary.org/obo/PATO_0001499	spherical
http://purl.obolibrary.org/obo/ZP_0103630	central artery hindbrain increased branchiness, abnormal	http://purl.obolibrary.org/obo/ZFA_0005020	central artery	http://purl.obolibrary.org/obo/ZFA_0000029	hindbrain	http://purl.obolibrary.org/obo/PATO_0002285	increased branchiness
http://purl.obolibrary.org/obo/ZP_0009446	chondrocyte Meckel's cartilage circular, abnormal	http://purl.obolibrary.org/obo/ZFA_0009084	chondrocyte	http://purl.obolibrary.org/obo/ZFA_0001205	Meckel's cartilage	http://purl.obolibrary.org/obo/PATO_0000411	circular
http://purl.obolibrary.org/obo/ZP_0008633	chondrocyte Meckel's cartilage obtuse, abnormal	http://purl.obolibrary.org/obo/ZFA_0009084	chondrocyte	http://purl.obolibrary.org/obo/ZFA_0001205	Meckel's cartilage	http://purl.obolibrary.org/obo/PATO_0001935	obtuse
http://purl.obolibrary.org/obo/ZP_0003885	chondrocyte branchiostegal ray spheroid, abnormal	http://purl.obolibrary.org/obo/ZFA_0009084	chondrocyte	http://purl.obolibrary.org/obo/ZFA_0000476	branchiostegal ray	http://purl.obolibrary.org/obo/PATO_0001865	spheroid
http://purl.obolibrary.org/obo/ZP_0100541	chondrocyte ceratohyal cartilage circular, abnormal	http://purl.obolibrary.org/obo/ZFA_0009084	chondrocyte	http://purl.obolibrary.org/obo/ZFA_0001400	ceratohyal cartilage	http://purl.obolibrary.org/obo/PATO_0000411	circular
http://purl.obolibrary.org/obo/ZP_0008634	chondrocyte ceratohyal cartilage obtuse, abnormal	http://purl.obolibrary.org/obo/ZFA_0009084	chondrocyte	http://purl.obolibrary.org/obo/ZFA_0001400	ceratohyal cartilage	http://purl.obolibrary.org/obo/PATO_0001935	obtuse
http://purl.obolibrary.org/obo/ZP_0147649	chondrocyte ceratohyal cartilage shape, abnormal	http://purl.obolibrary.org/obo/ZFA_0009084	chondrocyte	http://purl.obolibrary.org/obo/ZFA_0001400	ceratohyal cartilage	http://purl.obolibrary.org/obo/PATO_0000052	shape
http://purl.obolibrary.org/obo/ZP_0143450	chondrocyte chondrocranium cartilage cuboid, abnormal	http://purl.obolibrary.org/obo/ZFA_0009084	chondrocyte	http://purl.obolibrary.org/obo/ZFA_0001461	chondrocranium cartilage	http://purl.obolibrary.org/obo/PATO_0001872	cuboid
http://purl.obolibrary.org/obo/ZP_0004232	chondrocyte cranial cartilage circular, abnormal	http://purl.obolibrary.org/obo/ZFA_0009084	chondrocyte	http://purl.obolibrary.org/obo/ZFA_0001458	cranial cartilage	http://purl.obolibrary.org/obo/PATO_0000411	circular
http://purl.obolibrary.org/obo/ZP_0008401	chondrocyte ethmoid cartilage shape, abnormal	http://purl.obolibrary.org/obo/ZFA_0009084	chondrocyte	http://purl.obolibrary.org/obo/ZFA_0001405	ethmoid cartilage	http://purl.obolibrary.org/obo/PATO_0000052	shape
http://purl.obolibrary.org/obo/ZP_0008397	chondrocyte neurocranial trabecula circular, abnormal	http://purl.obolibrary.org/obo/ZFA_0009084	chondrocyte	http://purl.obolibrary.org/obo/ZFA_0001321	neurocranial trabecula	http://purl.obolibrary.org/obo/PATO_0000411	circular
http://purl.obolibrary.org/obo/ZP_0103092	chondrocyte palate circular, abnormal	http://purl.obolibrary.org/obo/ZFA_0009084	chondrocyte	http://purl.obolibrary.org/obo/ZFA_0005509	palate	http://purl.obolibrary.org/obo/PATO_0000411	circular
http://purl.obolibrary.org/obo/ZP_0102638	chondrocyte palatoquadrate cartilage circular, abnormal	http://purl.obolibrary.org/obo/ZFA_0009084	chondrocyte	http://purl.obolibrary.org/obo/ZFA_0001399	palatoquadrate cartilage	http://purl.obolibrary.org/obo/PATO_0000411	circular
http://purl.obolibrary.org/obo/ZP_0146946	chondrocyte palatoquadrate cartilage elongated, abnormal	http://purl.obolibrary.org/obo/ZFA_0009084	chondrocyte	http://purl.obolibrary.org/obo/ZFA_0001399	palatoquadrate cartilage	http://purl.obolibrary.org/obo/PATO_0001154	elongated
http://purl.obolibrary.org/obo/ZP_0011469	chondrocyte pharyngeal arch 1 shape, abnormal	http://purl.obolibrary.org/obo/ZFA_0009084	chondrocyte	http://purl.obolibrary.org/obo/ZFA_0001612	pharyngeal arch 1	http://purl.obolibrary.org/obo/PATO_0000052	shape
http://purl.obolibrary.org/obo/ZP_0002331	chondrocyte pharyngeal arch cartilage circular, abnormal	http://purl.obolibrary.org/obo/ZFA_0009084	chondrocyte	http://purl.obolibrary.org/obo/ZFA_0001460	pharyngeal arch cartilage	http://purl.obolibrary.org/obo/PATO_0000411	circular
http://purl.obolibrary.org/obo/ZP_0006278	columnar/cuboidal epithelial cell lens epithelium shape, abnormal	http://purl.obolibrary.org/obo/ZFA_0009038	columnar/cuboidal epithelial cell	http://purl.obolibrary.org/obo/ZFA_0001326	lens epithelium	http://purl.obolibrary.org/obo/PATO_0000052	shape
http://purl.obolibrary.org/obo/ZP_0002237	columnar/cuboidal epithelial cell third ventricle circular, abnormal	http://purl.obolibrary.org/obo/ZFA_0009038	columnar/cuboidal epithelial cell	http://purl.obolibrary.org/obo/ZFA_0000161	third ventricle	http://purl.obolibrary.org/obo/PATO_0000411	circular
http://purl.obolibrary.org/obo/ZP_0143375	cranial vasculature midbrain increased branchiness, abnormal	http://purl.obolibrary.org/obo/ZFA_0001267	cranial vasculature	http://purl.obolibrary.org/obo/ZFA_0000128	midbrain	http://purl.obolibrary.org/obo/PATO_0002285	increased branchiness
http://purl.obolibrary.org/obo/ZP_0001292	deep blastomere blastodisc shape, abnormal	http://purl.obolibrary.org/obo/ZFA_0001473	deep blastomere	http://purl.obolibrary.org/obo/ZFA_0001175	blastodisc	http://purl.obolibrary.org/obo/PATO_0000052	shape
http://purl.obolibrary.org/obo/ZP_0017518	ecto-epithelial cell epidermal basal stratum elongated, abnormal	http://purl.obolibrary.org/obo/ZFA_0009385	ecto-epithelial cell	http://purl.obolibrary.org/obo/ZFA_0001180	epidermal basal stratum	http://purl.obolibrary.org/obo/PATO_0001154	elongated
http://purl.obolibrary.org/obo/ZP_0017512	ecto-epithelial cell epidermal basal stratum oblong, abnormal	http://purl.obolibrary.org/obo/ZFA_0009385	ecto-epithelial cell	http://purl.obolibrary.org/obo/ZFA_0001180	epidermal basal stratum	http://purl.obolibrary.org/obo/PATO_0000946	oblong
http://purl.obolibrary.org/obo/ZP_0017528	ecto-epithelial cell epidermal basal stratum shape, abnormal	http://purl.obolibrary.org/obo/ZFA_0009385	ecto-epithelial cell	http://purl.obolibrary.org/obo/ZFA_0001180	epidermal basal stratum	http://purl.obolibrary.org/obo/PATO_0000052	shape
http://purl.obolibrary.org/obo/ZP_0017534	ecto-epithelial cell pectoral fin fold elongated, abnormal	http://purl.obolibrary.org/obo/ZFA_0009385	ecto-epithelial cell	http://purl.obolibrary.org/obo/ZFA_0005317	pectoral fin fold	http://purl.obolibrary.org/obo/PATO_0001154	elongated
http://purl.obolibrary.org/obo/ZP_0012412	endodermal cell pharyngeal pouch elongated, abnormal	http://purl.obolibrary.org/obo/ZFA_0009139	endodermal cell	http://purl.obolibrary.org/obo/ZFA_0001106	pharyngeal pouch	http://purl.obolibrary.org/obo/PATO_0001154	elongated
http://purl.obolibrary.org/obo/ZP_0017034	endodermal cell pharyngeal pouch shape, abnormal	http://purl.obolibrary.org/obo/ZFA_0009139	endodermal cell	http://purl.obolibrary.org/obo/ZFA_0001106	pharyngeal pouch	http://purl.obolibrary.org/obo/PATO_0000052	shape
http://purl.obolibrary.org/obo/ZP_0012806	endothelial cell caudal vein elongated, abnormal	http://purl.obolibrary.org/obo/ZFA_0009065	endothelial cell	http://purl.obolibrary.org/obo/ZFA_0000180	caudal vein	http://purl.obolibrary.org/obo/PATO_0001154	elongated
http://purl.obolibrary.org/obo/ZP_0012443	endothelial cell endocardium obtuse, abnormal	http://purl.obolibrary.org/obo/ZFA_0009065	endothelial cell	http://purl.obolibrary.org/obo/ZFA_0001320	endocardium	http://purl.obolibrary.org/obo/PATO_0001935	obtuse
http://purl.obolibrary.org/obo/ZP_0142429	endothelial cell endocardium shortened, abnormal	http://purl.obolibrary.org/obo/ZFA_0009065	endothelial cell	http://purl.obolibrary.org/obo/ZFA_0001320	endocardium	http://purl.obolibrary.org/obo/PATO_0002364	shortened
http://purl.obolibrary.org/obo/ZP_0137441	endothelial cell lateral dorsal aorta elongated, abnormal	http://purl.obolibrary.org/obo/ZFA_0009065	endothelial cell	http://purl.obolibrary.org/obo/ZFA_0001054	lateral dorsal aorta	http://purl.obolibrary.org/obo/PATO_0001154	elongated
http://purl.obolibrary.org/obo/ZP_0016354	endothelial cell ventricular endocardium cuboid, abnormal	http://purl.obolibrary.org/obo/ZFA_0009065	endothelial cell	http://purl.obolibrary.org/obo/ZFA_0001615	ventricular endocardium	http://purl.obolibrary.org/obo/PATO_0001872	cuboid
http://purl.obolibrary.org/obo/ZP_0004340	endothelial tip cell angiogenic sprout increased branchiness, abnormal	http://purl.obolibrary.org/obo/ZFA_0009303	endothelial tip cell	http://purl.obolibrary.org/obo/ZFA_0005604	angiogenic sprout	http://purl.obolibrary.org/obo/PATO_0002285	increased branchiness
http://purl.obolibrary.org/obo/ZP_0005332	endothelial tip cell intersegmental vessel shape, abnormal	http://purl.obolibrary.org/obo/ZFA_0009303	endothelial tip cell	http://purl.obolibrary.org/obo/ZFA_0001285	intersegmental vessel	http://purl.obolibrary.org/obo/PATO_0000052	shape
http://purl.obolibrary.org/obo/ZP_0107249	endothelial tip cell intersegmental vessel spade-shaped, abnormal	http://purl.obolibrary.org/obo/ZFA_0009303	endothelial tip cell	http://purl.obolibrary.org/obo/ZFA_0001285	intersegmental vessel	http://purl.obolibrary.org/obo/PATO_0002432	spade-shaped
http://purl.obolibrary.org/obo/ZP_0104103	epidermal cell ventral fin fold shape, abnormal	http://purl.obolibrary.org/obo/ZFA_0009183	epidermal cell	http://purl.obolibrary.org/obo/ZFA_0001069	ventral fin fold	http://purl.obolibrary.org/obo/PATO_0000052	shape
http://purl.obolibrary.org/obo/ZP_0022281	epithelial cell Kupffer's vesicle 3-D shape, abnormal	http://purl.obolibrary.org/obo/ZFA_0009034	epithelial cell	http://purl.obolibrary.org/obo/ZFA_0000001	Kupffer's vesicle	http://purl.obolibrary.org/obo/PATO_0002266	3-D shape
http://purl.obolibrary.org/obo/ZP_0104660	epithelial cell Kupffer's vesicle columnar, abnormal	http://purl.obolibrary.org/obo/ZFA_0009034	epithelial cell	http://purl.obolibrary.org/obo/ZFA_0000001	Kupffer's vesicle	http://purl.obolibrary.org/obo/PATO_0002063	columnar
http://purl.obolibrary.org/obo/ZP_0014261	epithelial cell gut circular, abnormal	http://purl.obolibrary.org/obo/ZFA_0009034	epithelial cell	http://purl.obolibrary.org/obo/ZFA_0000112	gut	http://purl.obolibrary.org/obo/PATO_0000411	circular
http://purl.obolibrary.org/obo/ZP_0007371	epithelial cell integument circular, abnormal	http://purl.obolibrary.org/obo/ZFA_0009034	epithelial cell	http://purl.obolibrary.org/obo/ZFA_0000368	integument	http://purl.obolibrary.org/obo/PATO_0000411	circular
http://purl.obolibrary.org/obo/ZP_0102748	epithelial cell integument shape, abnormal	http://purl.obolibrary.org/obo/ZFA_0009034	epithelial cell	http://purl.obolibrary.org/obo/ZFA_0000368	integument	http://purl.obolibrary.org/obo/PATO_0000052	shape
http://purl.obolibrary.org/obo/ZP_0003512	epithelial cell intestinal epithelium cuboid, abnormal	http://purl.obolibrary.org/obo/ZFA_0009034	epithelial cell	http://purl.obolibrary.org/obo/ZFA_0005124	intestinal epithelium	http://purl.obolibrary.org/obo/PATO_0001872	cuboid
http://purl.obolibrary.org/obo/ZP_0002785	epithelial cell intestine cuboid, abnormal	http://purl.obolibrary.org/obo/ZFA_0009034	epithelial cell	http://purl.obolibrary.org/obo/ZFA_0001338	intestine	http://purl.obolibrary.org/obo/PATO_0001872	cuboid
http://purl.obolibrary.org/obo/ZP_0149312	epithelial cell intestine shape, abnormal	http://purl.obolibrary.org/obo/ZFA_0009034	epithelial cell	http://purl.obolibrary.org/obo/ZFA_0001338	intestine	http://purl.obolibrary.org/obo/PATO_0000052	shape
http://purl.obolibrary.org/obo/ZP_0008821	epithelial cell mid intestine epithelium cuboid, abnormal	http://purl.obolibrary.org/obo/ZFA_0009034	epithelial cell	http://purl.obolibrary.org/obo/ZFA_0005127	mid intestine epithelium	http://purl.obolibrary.org/obo/PATO_0001872	cuboid
http://purl.obolibrary.org/obo/ZP_0007368	epithelial cell notochord circular, abnormal	http://purl.obolibrary.org/obo/ZFA_0009034	epithelial cell	http://purl.obolibrary.org/obo/ZFA_0000135	notochord	http://purl.obolibrary.org/obo/PATO_0000411	circular
http://purl.obolibrary.org/obo/ZP_0008822	epithelial cell posterior intestine epithelium cuboid, abnormal	http://purl.obolibrary.org/obo/ZFA_0009034	epithelial cell	http://purl.obolibrary.org/obo/ZFA_0005128	posterior intestine epithelium	http://purl.obolibrary.org/obo/PATO_0001872	cuboid
http://purl.obolibrary.org/obo/ZP_0010421	epithelial cell pronephric duct flattened, abnormal	http://purl.obolibrary.org/obo/ZFA_0009034	epithelial cell	http://purl.obolibrary.org/obo/ZFA_0000150	pronephric duct	http://purl.obolibrary.org/obo/PATO_0002254	flattened
http://purl.obolibrary.org/obo/ZP_0008939	epithelial cell pronephros shortened, abnormal	http://purl.obolibrary.org/obo/ZFA_0009034	epithelial cell	http://purl.obolibrary.org/obo/ZFA_0000151	pronephros	http://purl.obolibrary.org/obo/PATO_0002364	shortened
http://purl.obolibrary.org/obo/ZP_0003900	epithelium median fin fold undulate, abnormal	http://purl.obolibrary.org/obo/ZFA_0001486	epithelium	http://purl.obolibrary.org/obo/ZFA_0000040	median fin fold	http://purl.obolibrary.org/obo/PATO_0000967	undulate
http://purl.obolibrary.org/obo/ZP_0017313	epithelium pronephric tubule flattened, abnormal	http://purl.obolibrary.org/obo/ZFA_0001486	epithelium	http://purl.obolibrary.org/obo/ZFA_0001558	pronephric tubule	http://purl.obolibrary.org/obo/PATO_0002254	flattened
http://purl.obolibrary.org/obo/ZP_0017093	epithelium renal tubule flattened, abnormal	http://purl.obolibrary.org/obo/ZFA_0001486	epithelium	http://purl.obolibrary.org/obo/ZFA_0001287	renal tubule	http://purl.obolibrary.org/obo/PATO_0002254	flattened
http://purl.obolibrary.org/obo/ZP_0003905	epithelium ventral fin fold undulate, abnormal	http://purl.obolibrary.org/obo/ZFA_0001486	epithelium	http://purl.obolibrary.org/obo/ZFA_0001069	ventral fin fold	http://purl.obolibrary.org/obo/PATO_0000967	undulate
http://purl.obolibrary.org/obo/ZP_0140220	fibroblast eye circular, abnormal	http://purl.obolibrary.org/obo/ZFA_0009026	fibroblast	http://purl.obolibrary.org/obo/ZFA_0000107	eye	http://purl.obolibrary.org/obo/PATO_0000411	circular
http://purl.obolibrary.org/obo/ZP_0143514	gill raker pharyngeal arch 3 split, abnormal	http://purl.obolibrary.org/obo/ZFA_0000356	gill raker	http://purl.obolibrary.org/obo/ZFA_0001606	pharyngeal arch 3	http://purl.obolibrary.org/obo/PATO_0001786	split
http://purl.obolibrary.org/obo/ZP_0011499	glial cell (sensu Vertebrata) nerve branched, abnormal	http://purl.obolibrary.org/obo/ZFA_0009147	glial cell (sensu Vertebrata)	http://purl.obolibrary.org/obo/ZFA_0007009	nerve	http://purl.obolibrary.org/obo/PATO_0000402	branched
http://purl.obolibrary.org/obo/ZP_0101345	intersegmental vessel trunk branchiness, abnormal	http://purl.obolibrary.org/obo/ZFA_0001285	intersegmental vessel	http://purl.obolibrary.org/obo/ZFA_0001115	trunk	http://purl.obolibrary.org/obo/PATO_0002009	branchiness
http://purl.obolibrary.org/obo/ZP_0102401	intersegmental vessel trunk increased branchiness, abnormal	http://purl.obolibrary.org/obo/ZFA_0001285	intersegmental vessel	http://purl.obolibrary.org/obo/ZFA_0001115	trunk	http://purl.obolibrary.org/obo/PATO_0002285	increased branchiness
http://purl.obolibrary.org/obo/ZP_0147557	lacuna vertebra spheroid, abnormal	http://purl.obolibrary.org/obo/ZFA_0005736	lacuna	http://purl.obolibrary.org/obo/ZFA_0001189	vertebra	http://purl.obolibrary.org/obo/PATO_0001865	spheroid
http://purl.obolibrary.org/obo/ZP_0148347	macrophage caudal vein circular, abnormal	http://purl.obolibrary.org/obo/ZFA_0009141	macrophage	http://purl.obolibrary.org/obo/ZFA_0000180	caudal vein	http://purl.obolibrary.org/obo/PATO_0000411	circular
http://purl.obolibrary.org/obo/ZP_0102458	macrophage liver shape, abnormal	http://purl.obolibrary.org/obo/ZFA_0009141	macrophage	http://purl.obolibrary.org/obo/ZFA_0000123	liver	http://purl.obolibrary.org/obo/PATO_0000052	shape
http://purl.obolibrary.org/obo/ZP_0146087	macrophage skeletal muscle circular, abnormal	http://purl.obolibrary.org/obo/ZFA_0009141	macrophage	http://purl.obolibrary.org/obo/ZFA_0005277	skeletal muscle	http://purl.obolibrary.org/obo/PATO_0000411	circular
http://purl.obolibrary.org/obo/ZP_0148301	macrophage trunk shape, abnormal	http://purl.obolibrary.org/obo/ZFA_0009141	macrophage	http://purl.obolibrary.org/obo/ZFA_0001115	trunk	http://purl.obolibrary.org/obo/PATO_0000052	shape
http://purl.obolibrary.org/obo/ZP_0106592	marginal blastomere external yolk syncytial layer shape, abnormal	http://purl.obolibrary.org/obo/ZFA_0000541	marginal blastomere	http://purl.obolibrary.org/obo/ZFA_0000309	external yolk syncytial layer	http://purl.obolibrary.org/obo/PATO_0000052	shape
http://purl.obolibrary.org/obo/ZP_0144846	melanocyte hypodermis irregularly shaped, abnormal	http://purl.obolibrary.org/obo/ZFA_0009091	melanocyte	http://purl.obolibrary.org/obo/ZFA_0001136	hypodermis	http://purl.obolibrary.org/obo/PATO_0005020	irregularly shaped
http://purl.obolibrary.org/obo/ZP_0018809	melanocyte whole organism shape, abnormal	http://purl.obolibrary.org/obo/ZFA_0009091	melanocyte	http://purl.obolibrary.org/obo/ZFA_0001094	whole organism	http://purl.obolibrary.org/obo/PATO_0000052	shape
http://purl.obolibrary.org/obo/ZP_0012127	melanophore stripe anal fin undulate, abnormal	http://purl.obolibrary.org/obo/ZFA_0001463	melanophore stripe	http://purl.obolibrary.org/obo/ZFA_0001162	anal fin	http://purl.obolibrary.org/obo/PATO_0000967	undulate
http://purl.obolibrary.org/obo/ZP_0011972	melanophore stripe trunk branched, abnormal	http://purl.obolibrary.org/obo/ZFA_0001463	melanophore stripe	http://purl.obolibrary.org/obo/ZFA_0001115	trunk	http://purl.obolibrary.org/obo/PATO_0000402	branched
http://purl.obolibrary.org/obo/ZP_0011973	melanophore stripe trunk curved, abnormal	http://purl.obolibrary.org/obo/ZFA_0001463	melanophore stripe	http://purl.obolibrary.org/obo/ZFA_0001115	trunk	http://purl.obolibrary.org/obo/PATO_0000406	curved
http://purl.obolibrary.org/obo/ZP_0010389	mesenchymal cell median fin fold decreased branchiness, abnormal	http://purl.obolibrary.org/obo/ZFA_0009081	mesenchymal cell	http://purl.obolibrary.org/obo/ZFA_0000040	median fin fold	http://purl.obolibrary.org/obo/PATO_0002286	decreased branchiness
http://purl.obolibrary.org/obo/ZP_0010133	mesodermal cell paraxial mesoderm spherical, abnormal	http://purl.obolibrary.org/obo/ZFA_0009138	mesodermal cell	http://purl.obolibrary.org/obo/ZFA_0000255	paraxial mesoderm	http://purl.obolibrary.org/obo/PATO_0001499	spherical
http://purl.obolibrary.org/obo/ZP_0019480	microglial cell brain circular, abnormal	http://purl.obolibrary.org/obo/ZFA_0009077	microglial cell	http://purl.obolibrary.org/obo/ZFA_0000008	brain	http://purl.obolibrary.org/obo/PATO_0000411	circular
http://purl.obolibrary.org/obo/ZP_0142396	microglial cell optic tectum 2-D shape, abnormal	http://purl.obolibrary.org/obo/ZFA_0009077	microglial cell	http://purl.obolibrary.org/obo/ZFA_0000445	optic tectum	http://purl.obolibrary.org/obo/PATO_0002006	2-D shape
http://purl.obolibrary.org/obo/ZP_0130987	microglial cell optic tectum circular, abnormal	http://purl.obolibrary.org/obo/ZFA_0009077	microglial cell	http://purl.obolibrary.org/obo/ZFA_0000445	optic tectum	http://purl.obolibrary.org/obo/PATO_0000411	circular
http://purl.obolibrary.org/obo/ZP_0141141	microglial cell optic tectum spherical, abnormal	http://purl.obolibrary.org/obo/ZFA_0009077	microglial cell	http://purl.obolibrary.org/obo/ZFA_0000445	optic tectum	http://purl.obolibrary.org/obo/PATO_0001499	spherical
http://purl.obolibrary.org/obo/ZP_0146208	microglial cell retina elongated, abnormal	http://purl.obolibrary.org/obo/ZFA_0009077	microglial cell	http://purl.obolibrary.org/obo/ZFA_0000152	retina	http://purl.obolibrary.org/obo/PATO_0001154	elongated
http://purl.obolibrary.org/obo/ZP_0101897	motor neuron facial nerve motor nucleus circular, abnormal	http://purl.obolibrary.org/obo/ZFA_0009052	motor neuron	http://purl.obolibrary.org/obo/ZFA_0000206	facial nerve motor nucleus	http://purl.obolibrary.org/obo/PATO_0000411	circular
http://purl.obolibrary.org/obo/ZP_0016306	motor neuron spinal cord branched, abnormal	http://purl.obolibrary.org/obo/ZFA_0009052	motor neuron	http://purl.obolibrary.org/obo/ZFA_0000075	spinal cord	http://purl.obolibrary.org/obo/PATO_0000402	branched
http://purl.obolibrary.org/obo/ZP_0003209	motor neuron spinal cord branchiness, abnormal	http://purl.obolibrary.org/obo/ZFA_0009052	motor neuron	http://purl.obolibrary.org/obo/ZFA_0000075	spinal cord	http://purl.obolibrary.org/obo/PATO_0002009	branchiness
http://purl.obolibrary.org/obo/ZP_0003325	motor neuron spinal cord decreased branchiness, abnormal	http://purl.obolibrary.org/obo/ZFA_0009052	motor neuron	http://purl.obolibrary.org/obo/ZFA_0000075	spinal cord	http://purl.obolibrary.org/obo/PATO_0002286	decreased branchiness
http://purl.obolibrary.org/obo/ZP_0016307	motor neuron spinal cord increased branchiness, abnormal	http://purl.obolibrary.org/obo/ZFA_0009052	motor neuron	http://purl.obolibrary.org/obo/ZFA_0000075	spinal cord	http://purl.obolibrary.org/obo/PATO_0002285	increased branchiness
http://purl.obolibrary.org/obo/ZP_0003208	motor neuron spinal cord truncated, abnormal	http://purl.obolibrary.org/obo/ZFA_0009052	motor neuron	http://purl.obolibrary.org/obo/ZFA_0000075	spinal cord	http://purl.obolibrary.org/obo/PATO_0000936	truncated
http://purl.obolibrary.org/obo/ZP_0137624	motor neuron trunk musculature branchiness, abnormal	http://purl.obolibrary.org/obo/ZFA_0009052	motor neuron	http://purl.obolibrary.org/obo/ZFA_0000473	trunk musculature	http://purl.obolibrary.org/obo/PATO_0002009	branchiness
http://purl.obolibrary.org/obo/ZP_0137784	muscle cell myotome sinuous, abnormal	http://purl.obolibrary.org/obo/ZFA_0009114	muscle cell	http://purl.obolibrary.org/obo/ZFA_0001056	myotome	http://purl.obolibrary.org/obo/PATO_0001989	sinuous
http://purl.obolibrary.org/obo/ZP_0019721	muscle cell somite undulate, abnormal	http://purl.obolibrary.org/obo/ZFA_0009114	muscle cell	http://purl.obolibrary.org/obo/ZFA_0000155	somite	http://purl.obolibrary.org/obo/PATO_0000967	undulate
http://purl.obolibrary.org/obo/ZP_0149409	muscle cell trunk shape, abnormal	http://purl.obolibrary.org/obo/ZFA_0009114	muscle cell	http://purl.obolibrary.org/obo/ZFA_0001115	trunk	http://purl.obolibrary.org/obo/PATO_0000052	shape
http://purl.obolibrary.org/obo/ZP_0006842	muscle post-vent region shortened, abnormal	http://purl.obolibrary.org/obo/ZFA_0005145	muscle	http://purl.obolibrary.org/obo/ZFA_0001117	post-vent region	http://purl.obolibrary.org/obo/PATO_0002364	shortened
http://purl.obolibrary.org/obo/ZP_0017087	myelinating Schwann cell posterior lateral line circular, abnormal	http://purl.obolibrary.org/obo/ZFA_0009135	myelinating Schwann cell	http://purl.obolibrary.org/obo/ZFA_0000944	posterior lateral line	http://purl.obolibrary.org/obo/PATO_0000411	circular
http://purl.obolibrary.org/obo/ZP_0146593	nerve myotome decreased branchiness, abnormal	http://purl.obolibrary.org/obo/ZFA_0007009	nerve	http://purl.obolibrary.org/obo/ZFA_0001056	myotome	http://purl.obolibrary.org/obo/PATO_0002286	decreased branchiness
http://purl.obolibrary.org/obo/ZP_0011476	nerve trunk truncated, abnormal	http://purl.obolibrary.org/obo/ZFA_0007009	nerve	http://purl.obolibrary.org/obo/ZFA_0001115	trunk	http://purl.obolibrary.org/obo/PATO_0000936	truncated
http://purl.obolibrary.org/obo/ZP_0107068	neural crest cell pharyngeal arch 2 shape, abnormal	http://purl.obolibrary.org/obo/ZFA_0009165	neural crest cell	http://purl.obolibrary.org/obo/ZFA_0001611	pharyngeal arch 2	http://purl.obolibrary.org/obo/PATO_0000052	shape
http://purl.obolibrary.org/obo/ZP_0147236	neural spine vertebra bent, abnormal	http://purl.obolibrary.org/obo/ZFA_0001336	neural spine	http://purl.obolibrary.org/obo/ZFA_0001189	vertebra	http://purl.obolibrary.org/obo/PATO_0000617	bent
http://purl.obolibrary.org/obo/ZP_0140807	neuroepithelial cell hindbrain neural keel circular, abnormal	http://purl.obolibrary.org/obo/ZFA_0009306	neuroepithelial cell	http://purl.obolibrary.org/obo/ZFA_0007029	hindbrain neural keel	http://purl.obolibrary.org/obo/PATO_0000411	circular
http://purl.obolibrary.org/obo/ZP_0140806	neuroepithelial cell hindbrain neural keel shape, abnormal	http://purl.obolibrary.org/obo/ZFA_0009306	neuroepithelial cell	http://purl.obolibrary.org/obo/ZFA_0007029	hindbrain neural keel	http://purl.obolibrary.org/obo/PATO_0000052	shape
http://purl.obolibrary.org/obo/ZP_0016357	neuroepithelial cell retina shortened, abnormal	http://purl.obolibrary.org/obo/ZFA_0009306	neuroepithelial cell	http://purl.obolibrary.org/obo/ZFA_0000152	retina	http://purl.obolibrary.org/obo/PATO_0002364	shortened
http://purl.obolibrary.org/obo/ZP_0017831	neuron brain decreased branchiness, abnormal	http://purl.obolibrary.org/obo/ZFA_0009248	neuron	http://purl.obolibrary.org/obo/ZFA_0000008	brain	http://purl.obolibrary.org/obo/PATO_0002286	decreased branchiness
http://purl.obolibrary.org/obo/ZP_0009931	neuron posterior lateral line decreased branchiness, abnormal	http://purl.obolibrary.org/obo/ZFA_0009248	neuron	http://purl.obolibrary.org/obo/ZFA_0000944	posterior lateral line	http://purl.obolibrary.org/obo/PATO_0002286	decreased branchiness
http://purl.obolibrary.org/obo/ZP_0019088	neuron trigeminal ganglion decreased branchiness, abnormal	http://purl.obolibrary.org/obo/ZFA_0009248	neuron	http://purl.obolibrary.org/obo/ZFA_0000295	trigeminal ganglion	http://purl.obolibrary.org/obo/PATO_0002286	decreased branchiness
http://purl.obolibrary.org/obo/ZP_0102495	notochord post-vent region bent, abnormal	http://purl.obolibrary.org/obo/ZFA_0000135	notochord	http://purl.obolibrary.org/obo/ZFA_0001117	post-vent region	http://purl.obolibrary.org/obo/PATO_0000617	bent
http://purl.obolibrary.org/obo/ZP_0001829	notochord post-vent region folded, abnormal	http://purl.obolibrary.org/obo/ZFA_0000135	notochord	http://purl.obolibrary.org/obo/ZFA_0001117	post-vent region	http://purl.obolibrary.org/obo/PATO_0001910	folded
http://purl.obolibrary.org/obo/ZP_0101826	notochord post-vent region kinked, abnormal	http://purl.obolibrary.org/obo/ZFA_0000135	notochord	http://purl.obolibrary.org/obo/ZFA_0001117	post-vent region	http://purl.obolibrary.org/obo/PATO_0001798	kinked
http://purl.obolibrary.org/obo/ZP_0018303	nucleate erythrocyte blood circular, abnormal	http://purl.obolibrary.org/obo/ZFA_0009256	nucleate erythrocyte	http://purl.obolibrary.org/obo/ZFA_0000007	blood	http://purl.obolibrary.org/obo/PATO_0000411	circular
http://purl.obolibrary.org/obo/ZP_0017941	ocular blood vessel retina increased branchiness, abnormal	http://purl.obolibrary.org/obo/ZFA_0007057	ocular blood vessel	http://purl.obolibrary.org/obo/ZFA_0000152	retina	http://purl.obolibrary.org/obo/PATO_0002285	increased branchiness
http://purl.obolibrary.org/obo/ZP_0017937	ocular blood vessel retina shape, abnormal	http://purl.obolibrary.org/obo/ZFA_0007057	ocular blood vessel	http://purl.obolibrary.org/obo/ZFA_0000152	retina	http://purl.obolibrary.org/obo/PATO_0000052	shape
http://purl.obolibrary.org/obo/ZP_0145244	osteoclast vertebra ruffled, abnormal	http://purl.obolibrary.org/obo/ZFA_0009047	osteoclast	http://purl.obolibrary.org/obo/ZFA_0001189	vertebra	http://purl.obolibrary.org/obo/PATO_0001799	ruffled
http://purl.obolibrary.org/obo/ZP_0139734	scale regenerating tissue shape, abnormal	http://purl.obolibrary.org/obo/ZFA_0000277	scale	http://purl.obolibrary.org/obo/ZFA_0005147	regenerating tissue	http://purl.obolibrary.org/obo/PATO_0000052	shape
http://purl.obolibrary.org/obo/ZP_0018904	slow muscle cell myotome shape, abnormal	http://purl.obolibrary.org/obo/ZFA_0009116	slow muscle cell	http://purl.obolibrary.org/obo/ZFA_0001056	myotome	http://purl.obolibrary.org/obo/PATO_0000052	shape
http://purl.obolibrary.org/obo/ZP_0002471	slow muscle cell myotome undulate, abnormal	http://purl.obolibrary.org/obo/ZFA_0009116	slow muscle cell	http://purl.obolibrary.org/obo/ZFA_0001056	myotome	http://purl.obolibrary.org/obo/PATO_0000967	undulate
http://purl.obolibrary.org/obo/ZP_0018207	slow muscle cell somite undulate, abnormal	http://purl.obolibrary.org/obo/ZFA_0009116	slow muscle cell	http://purl.obolibrary.org/obo/ZFA_0000155	somite	http://purl.obolibrary.org/obo/PATO_0000967	undulate
http://purl.obolibrary.org/obo/ZP_0101743	smooth muscle cell intestine shape, abnormal	http://purl.obolibrary.org/obo/ZFA_0009118	smooth muscle cell	http://purl.obolibrary.org/obo/ZFA_0001338	intestine	http://purl.obolibrary.org/obo/PATO_0000052	shape
http://purl.obolibrary.org/obo/ZP_0021030	squamous epithelial cell epicardium ovate, abnormal	http://purl.obolibrary.org/obo/ZFA_0009039	squamous epithelial cell	http://purl.obolibrary.org/obo/ZFA_0005057	epicardium	http://purl.obolibrary.org/obo/PATO_0001891	ovate
http://purl.obolibrary.org/obo/ZP_0016167	superficial blastomere EVL circular, abnormal	http://purl.obolibrary.org/obo/ZFA_0001484	superficial blastomere	http://purl.obolibrary.org/obo/ZFA_0000086	EVL	http://purl.obolibrary.org/obo/PATO_0000411	circular
http://purl.obolibrary.org/obo/ZP_0104047	trunk female organism obtuse, abnormal	http://purl.obolibrary.org/obo/ZFA_0001115	trunk	http://purl.obolibrary.org/obo/ZFA_0000303	female organism	http://purl.obolibrary.org/obo/PATO_0001935	obtuse
http://purl.obolibrary.org/obo/ZP_0104046	trunk male organism obtuse, abnormal	http://purl.obolibrary.org/obo/ZFA_0001115	trunk	http://purl.obolibrary.org/obo/ZFA_0000242	male organism	http://purl.obolibrary.org/obo/PATO_0001935	obtuse
http://purl.obolibrary.org/obo/ZP_0149487	vascular plexus dorsal longitudinal anastomotic vessel decreased branchiness, abnormal	http://purl.obolibrary.org/obo/ZFA_0005931	vascular plexus	http://purl.obolibrary.org/obo/ZFA_0005025	dorsal longitudinal anastomotic vessel	http://purl.obolibrary.org/obo/PATO_0002286	decreased branchiness
http://purl.obolibrary.org/obo/ZP_0019417	vascular smooth muscle brain vasculature decreased branchiness, abnormal	http://purl.obolibrary.org/obo/ZFA_0005321	vascular smooth muscle	http://purl.obolibrary.org/obo/ZFA_0000099	brain vasculature	http://purl.obolibrary.org/obo/PATO_0002286	decreased branchiness
http://purl.obolibrary.org/obo/ZP_0013990	vasculature intestine branchiness, abnormal	http://purl.obolibrary.org/obo/ZFA_0005249	vasculature	http://purl.obolibrary.org/obo/ZFA_0001338	intestine	http://purl.obolibrary.org/obo/PATO_0002009	branchiness
http://purl.obolibrary.org/obo/ZP_0100753	vasculature liver branchiness, abnormal	http://purl.obolibrary.org/obo/ZFA_0005249	vasculature	http://purl.obolibrary.org/obo/ZFA_0000123	liver	http://purl.obolibrary.org/obo/PATO_0002009	branchiness
http://purl.obolibrary.org/obo/ZP_0100751	vasculature liver decreased branchiness, abnormal	http://purl.obolibrary.org/obo/ZFA_0005249	vasculature	http://purl.obolibrary.org/obo/ZFA_0000123	liver	http://purl.obolibrary.org/obo/PATO_0002286	decreased branchiness
http://purl.obolibrary.org/obo/ZP_0149112	vasculature retina increased branchiness, abnormal	http://purl.obolibrary.org/obo/ZFA_0005249	vasculature	http://purl.obolibrary.org/obo/ZFA_0000152	retina	http://purl.obolibrary.org/obo/PATO_0002285	increased branchiness
http://purl.obolibrary.org/obo/ZP_0149687	vertebral column female organism bent, abnormal	http://purl.obolibrary.org/obo/ZFA_0001559	vertebral column	http://purl.obolibrary.org/obo/ZFA_0000303	female organism	http://purl.obolibrary.org/obo/PATO_0000617	bent
http://purl.obolibrary.org/obo/ZP_0149686	vertebral column male organism bent, abnormal	http://purl.obolibrary.org/obo/ZFA_0001559	vertebral column	http://purl.obolibrary.org/obo/ZFA_0000242	male organism	http://purl.obolibrary.org/obo/PATO_0000617	bent
http://purl.obolibrary.org/obo/ZP_0146110	vertebral column male organism increased curvature, abnormal	http://purl.obolibrary.org/obo/ZFA_0001559	vertebral column	http://purl.obolibrary.org/obo/ZFA_0000242	male organism	http://purl.obolibrary.org/obo/PATO_0001592	increased curvature
